"paraset_17","paraset_18","paraset_19","paraset_20","paraset_21","paraset_22","paraset_23","paraset_24"
0.874251497005988,0.86626746506986,0.0179640718562874,0.203592814371257,0.0758483033932136,0.926147704590818,0.704590818363273,NA
0.477045908183633,0.36127744510978,0.00199600798403194,0.00199600798403194,0.896207584830339,0.359281437125749,0.00199600798403194,NA
0.409181636726547,0.0219560878243513,0.00199600798403194,0.00199600798403194,0.131736526946108,0.872255489021956,0.00199600798403194,NA
0.750499001996008,0.522954091816367,0.0159680638722555,0.00199600798403194,0.988023952095808,0.403193612774451,NA,NA
0.415169660678643,0.399201596806387,0.00199600798403194,0.00199600798403194,0.0558882235528942,0.101796407185629,NA,NA
0.471057884231537,0.0459081836327345,0.00199600798403194,0.00199600798403194,0.0878243512974052,0.774451097804391,NA,NA
0.413173652694611,0.776447105788423,0.00199600798403194,0.00199600798403194,0.44311377245509,0.335329341317365,NA,NA
0.24750499001996,0.798403193612774,0.00199600798403194,0.00199600798403194,0.11377245508982,0.323353293413174,NA,NA
0.215568862275449,0.389221556886228,0.00199600798403194,0.00199600798403194,0.119760479041916,0.512974051896208,NA,NA
